,Age,Loan Value,Property Value,AER,Spread
0,65,198602.85190833098,772000,0.056,0.015999999999999907
